,ID,Plant_rich,pH,EC,Plant_cove,Clay_silt,Total_P,TON,SOC,elevation,slope,aspect,cheight,Latitude_c,Longitude_,th_crossed,year_all,crossed_yr,geometry_x,Location_x,Vegetation_x,Plant_cover,STE,RWC,ARIDITY,BS_Tst
0,548,14,6.742,81.84,56.3825,15.0833,1035.0683,1.0276,9.4633,234.626129150391,4.33230208363596,89.7841693075355,0.01,-30.6623,-71.6636,3,2007,2018,"POLYGON ((-71.66359981035633 -30.66220940829356, -71.66359401258508 -30.6622095465946, -71.66356506787224 -30.66221451561987, -71.66353888865405 -30.66222624119381, -71.66351755879261 -30.66224378996296, -71.66350277614465 -30.662265765048, -71.66349571741209 -30.66229041723452, -71.66349694447565 -30.66231578420976, -71.66350635966735 -30.66233984676223, -71.663523213543 -30.66236068951113, -71.66354616453629 -30.66237665337112, -71.6635733857468 -30.66238646761623, -71.66360271036179 -30.66238935103064, -71.6636318041357 -30.66238507409394, -71.66365835119819 -30.66237397725122, -71.66368023839915 -30.66235694381327, -71.66369572351678 -30.66233532964448, -71.66370357393855 -30.66231085523509, -71.66370316477631 -30.6622854687495, -71.6636945286057 -30.66226119095189, -71.66367835287116 -30.66223995435342, -71.66365592516365 -30.66222344938483, -71.66362903072773 -30.66221298983895, -71.66359981035633 -30.66220940829356))",Chile,Shrubland,56.3825,Loamy Sand,100,0.8817,43.6175
1,549,9,6.58,301.4,59.6675,24.2732,598.8024,1.087,15.5073,236.75715637207,5.1479364465407,71.3237025769914,0.01,-30.6609,-71.6642,3,2007,2018,"POLYGON ((-71.66420178899854 -30.66080925056279, -71.66419599131129 -30.66080938886382, -71.66416704701778 -30.66081435788911, -71.66414086817885 -30.66082608346304, -71.66411953862644 -30.66084363223218, -71.66410475619264 -30.66086560731722, -71.66409769756234 -30.66089025950376, -71.66409892460813 -30.66091562647898, -71.66410833966344 -30.66093968903146, -71.66412519329491 -30.66096053178036, -71.66414814395569 -30.66097649564033, -71.66417536477185 -30.66098630988544, -71.66420468896197 -30.66098919329987, -71.6642337823144 -30.66098491636317, -71.66426032899227 -30.66097381952045, -71.66428221587614 -30.6609567860825, -71.66429770076944 -30.6609351719137, -71.66430555107746 -30.66091069750432, -71.66430514192115 -30.66088531101873, -71.66429650587567 -30.66086103322112, -71.66428033037546 -30.66083979662265, -71.66425790299287 -30.66082329165407, -71.6642310089466 -30.66081283210816, -71.66420178899854 -30.66080925056279))",Chile,Shrubland,59.6675,Sandy Loam,100,0.8817,40.3325
2,550,12,6.216,264.8,57.2825,26.1981,384.3838,1.9806,22.3932,234.626129150391,4.33230208363596,89.7841693075355,0.01,-30.6625,-71.6636,3,2007,2018,"POLYGON ((-71.66359981035633 -30.66241006784097, -71.66359401257306 -30.66241020614201, -71.66356506780011 -30.66241517516728, -71.66353888852753 -30.66242690074123, -71.66351755862182 -30.66244444951036, -71.66350277594317 -30.6624664245954, -71.66349571719596 -30.66249107678193, -71.66349694426206 -30.66251644375716, -71.66350635947333 -30.66254050630964, -71.66352321338397 -30.66256134905855, -71.6635461644249 -30.66257731291851, -71.66357338569195 -30.66258712716364, -71.66360271036781 -30.66259001057804, -71.66363180420214 -30.66258573364135, -71.66365835131974 -30.66257463679863, -71.66368023856616 -30.66255760336069, -71.66369572371593 -30.66253598919189, -71.663703574154 -30.6625115147825, -71.66370316499091 -30.66248612829692, -71.66369452880238 -30.6624618504993, -71.66367835303423 -30.66244061390082, -71.66365592528015 -30.66242410893224, -71.6636290307884 -30.66241364938635, -71.66359981035633 -30.66241006784097))",Chile,Shrubland,57.2825,Loamy Sand,100,0.8817,42.3
3,551,14,6.8,126.1,35.025,24.9153,414.7007,2.7691,20.5607,380.919891357422,15.4425045166765,20.2416547952102,0.01,-31.2002,-71.5847,3,2007,2018,"POLYGON ((-71.58470047631666 -31.20011076837073, -71.58469464583709 -31.20011090667177, -71.58466553783147 -31.20011587569695, -71.58463921092201 -31.20012760127068, -71.58461776072694 -31.20014515003957, -71.58460289468151 -31.2001671251244, -71.58459579612617 -31.20019177731081, -71.58459703011169 -31.20021714428606, -71.5846064984193 -31.20024120683869, -71.58462344737687 -31.20026204958783, -71.58464652784966 -31.20027801344804, -71.58467390263064 -31.20028782769334, -71.58470339268273 -31.20029071110781, -71.58473265059143 -31.20028643417104, -71.58475934742108 -31.20027533732812, -71.58478135810005 -31.20025830388991, -71.58479693057761 -31.2002366897209, -71.58480482528749 -31.20021221531138, -71.58480441381634 -31.2001868288258, -71.58479572892379 -31.20016255102833, -71.58477946193264 -31.20014131443009, -71.58475690769801 -31.20012480946175, -71.58472986153593 -31.20011434991604, -71.58470047631666 -31.20011076837073))",Chile,Shrubland,35.025,Loamy Sand,100,0.8459,64.975
4,552,12,6.636,117.42,30.9667,39.5126,232.807,1.9869,6.2159,380.919891357422,15.4425045166765,20.2416547952102,0.01,-31.2001,-71.5849,3,2007,2018,"POLYGON ((-71.58490113586406 -31.20000820904651, -71.5848953053908 -31.20000834734754, -71.58486619741676 -31.20001331637273, -71.58483987053582 -31.20002504194646, -71.584818420364 -31.20004259071534, -71.58480355433468 -31.20006456580017, -71.58479645578706 -31.20008921798658, -71.58479768977124 -31.20011458496184, -71.58480715806859 -31.20013864751446, -71.58482410700776 -31.2001594902636, -71.58484718745554 -31.20017545412381, -71.58487456220685 -31.20018526836911, -71.58490405222697 -31.20018815178359, -71.58493331010396 -31.20018387484681, -71.58496000690468 -31.20017277800388, -71.58498201755977 -31.20015574456569, -71.58499759002045 -31.20013413039666, -71.58500548472178 -31.20010965598716, -71.58500507325107 -31.20008426950157, -71.58499638836793 -31.20005999170411, -71.58498012139441 -31.20003875510586, -71.58495756718423 -31.20002225013753, -71.58493052105149 -31.20001179059182, -71.58490113586406 -31.20000820904651))",Chile,Shrubland,30.9666666667,Sandy Loam,100,0.8459,62.6166666667
5,553,10,6.608,127.42,35.2583,29.4484,215.7102,1.2776,14.1036,385.582405090332,18.0381925541523,23.4358289957007,0.01,-31.1998,-71.5854,3,2007,2018,"POLYGON ((-71.58540055518205 -31.19970944927593, -71.58539472472719 -31.19970958757696, -71.58536561684507 -31.19971455660215, -71.58533929004727 -31.19972628217588, -71.5853178399432 -31.19974383094477, -71.58530297396082 -31.19976580602959, -71.58529587543561 -31.199790458216, -71.58529710941589 -31.19981582519125, -71.58530657768334 -31.19983988774388, -71.585323526569 -31.19986073049302, -71.58534660694387 -31.19987669435323, -71.58537398160875 -31.19988650859853, -71.58540347153574 -31.199889392013, -71.58543272932033 -31.19988511507623, -71.58545942603675 -31.1998740182333, -71.58548143662235 -31.19985698479511, -71.58549700903384 -31.19983537062608, -71.58550490371022 -31.19981089621657, -71.58550449224083 -31.19978550973099, -71.5854958073851 -31.19976123193352, -71.58547954046297 -31.19973999533528, -71.585456986324 -31.19972349036695, -71.58542994027667 -31.19971303082124, -71.58540055518205 -31.19970944927593))",Chile,Shrubland,35.2583333333,Sandy Loam,100,0.8459,55.7
6,708,8,8.162,453.18,33.4,91.7831,2218.5163,4.0047,26.9856,619.228820800781,0.660545895447423,2.072917215963,5,10.0023,-69.6482,1,2009,2012,"POLYGON ((-69.64820207082619 10.00238874366504, -69.64819700667569 10.00238860536384, -69.64817172448286 10.00238363633273, -69.6481488578608 10.00237191074635, -69.64813022699359 10.00235436196204, -69.6481173148983 10.00233238686384, -69.6481111493769 10.00230773467026, -69.64811222120346 10.00228236769629, -69.64812044505894 10.00225830515299, -69.64813516632313 10.00223746241832, -69.6481552131828 10.0022214985732, -69.64817898990833 10.00221168433891, -69.64820460387347 10.00220880092792, -69.6482300162082 10.00221307785957, -69.64825320409226 10.00222417469036, -69.64827232177105 10.0022412081132, -69.64828584747752 10.00226282226843, -69.6482927045647 10.00228729667003, -69.64829234720705 10.00231268315604, -69.64828480384858 10.00233696096215, -69.64827067493925 10.00235819757454, -69.64825108513962 10.00237470255813, -69.64822759379797 10.00238516211542, -69.64820207082619 10.00238874366504))",Venezuela,Shrubland,33.4,Silt,59.6927422116,0.6559,66.6
7,709,9,7.936,930.428,43.525,87.4578,2011.7208,4.2956,30.937,619.228820800781,0.660545895447423,2.072917215963,5,10.0024,-69.6481,1,2009,2012,"POLYGON ((-69.64809951150195 10.00249130298926, -69.64809444734985 10.00249116468807, -69.64806916514905 10.00248619565696, -69.64804629851976 10.00247447007058, -69.64802766764667 10.00245692128627, -69.64801475554729 10.00243494618806, -69.64800859002396 10.00241029399449, -69.64800966185086 10.00238492702051, -69.64801788570892 10.00236086447722, -69.64803260697775 10.00234002174255, -69.64805265384378 10.00232405789743, -69.64807643057681 10.00231424366314, -69.64810204455003 10.00231136025215, -69.64812745689279 10.0023156371838, -69.64815064478417 10.00232673401459, -69.64816976246898 10.00234376743743, -69.64818328817974 10.00236538159266, -69.64819014526908 10.00238985599426, -69.64818978791131 10.00241524248027, -69.64818224455045 10.00243952028638, -69.64816811563668 10.00246075689877, -69.64814852583085 10.00247726188236, -69.64812503448179 10.00248772143964, -69.64809951150195 10.00249130298926))",Venezuela,Shrubland,43.525,Silt,100,0.6559,56.475
8,710,12,7.188,106.2,59.75,36.7801,630.0639,1.8495,17.7069,704.830383300781,3.37674636731956,91.6894711316589,0.01,9.7677,-69.8209,1,2009,2012,"POLYGON ((-69.82089859552509 9.767790978142196, -69.82089353498662 9.767790839840998, -69.8208682708264 9.767785870809924, -69.820845420514 9.767774145223612, -69.82082680293519 9.767756596439384, -69.82081390004934 9.767734621341249, -69.82080773892535 9.76770996914771, -69.82080880998726 9.767684602173734, -69.82081702797696 9.767660539630388, -69.82083173874118 9.767639696895641, -69.82085177130254 9.767623733050437, -69.82087553106949 9.767613918816087, -69.8209011267657 9.767611035405082, -69.82092652097532 9.767615312336755, -69.82094969232078 9.76762640916761, -69.82096879636397 9.767643442590531, -69.82098231242318 9.767665056745841, -69.82098916461943 9.767689531147481, -69.82098880751649 9.767714917633487, -69.82098126953815 9.767739195439553, -69.82096715070617 9.767760432051869, -69.82094757487893 9.767776937035372, -69.82092410029253 9.767787396592599, -69.82089859552509 9.767790978142196))",Venezuela,Shrubland,59.75,Sandy Loam,100,0.588,40.25
9,711,13,7.314,38.074,52.1,38.9468,506.7913,1.6012,16.4579,701.887023925781,2.58034806212915,76.614930919872,0.01,9.768,-69.8208,1,2009,2012,"POLYGON ((-69.82080049530192 9.768089737912778, -69.82079543475889 9.768089599611582, -69.820770170576 9.768084630580505, -69.82074732024309 9.768072904994195, -69.82072870264757 9.768055356209965, -69.82071579975013 9.768033381111833, -69.8207096386206 9.768008728918293, -69.82071070968347 9.767983361944317, -69.82071892768055 9.767959299400967, -69.82073363845798 9.767938456666222, -69.82075367103732 9.767922492821022, -69.8207774308256 9.76791267858667, -69.82080302654478 9.767909795175665, -69.8208284207772 9.767914072107336, -69.82085159214346 9.767925168938193, -69.82087069620378 9.767942202361112, -69.82088421227515 9.767963816516422, -69.82089106447754 9.767988290918067, -69.82089070737429 9.76801367740407, -69.82088316938918 9.768037955210135, -69.82086905054452 9.76805919182245, -69.8208494746997 9.768075696805953, -69.82082600009223 9.76808615636318, -69.82080049530192 9.768089737912778))",Venezuela,Shrubland,52.1,Sandy Loam,100,0.588,47.9
10,530,19,5.174,36.676,65.6175,10.3088,24.6681,2.2376,53.9037,1073.10021972656,1.77353705023606,291.141718466658,7,-11.339,-41.2441,2,2008,2011,"POLYGON ((-41.24409846576337 -11.33890903003642, -41.24409337930464 -11.33890916833753, -41.24406798573951 -11.33891413736579, -41.24404501838218 -11.33892586294607, -41.24402630543322 -11.33894341172295, -41.24401333644327 -11.33896538681471, -41.24400714374486 -11.33899003900483, -41.24400822027847 -11.33901540597942, -41.24401648035387 -11.33903946852721, -41.24403126647057 -11.33906031126886, -41.24405140165433 -11.33907627512125, -41.24407528314413 -11.33908608936085, -41.24410100997206 -11.33908897277351, -41.24412653428079 -11.3390846958394, -41.24414982433358 -11.33907359900276, -41.24416902624107 -11.33905656557252, -41.24418261153122 -11.33903495141064, -41.24418949881579 -11.33901047700522, -41.24418913986855 -11.33898509051942, -41.24418156326356 -11.33896081271747, -41.24416737210014 -11.3389395761119, -41.24414769599564 -11.33892307113566, -41.24412410116769 -11.33891261158396, -41.24409846576337 -11.33890903003642))",Brasil,Shrubland,65.6175,Sand,94.5567863173,0.5541,30.715
11,531,17,4.13,32.22,82.88,8.982,26.0004,2.9165,50.6333,1073.79225667318,1.91090551359172,289.090273348248,6.5,-11.3388,-41.2438,2,2008,2011,"POLYGON ((-41.24379970599279 -11.33870837048901, -41.24379461953763 -11.33870850879013, -41.24376922599034 -11.33871347781838, -41.24374625864914 -11.33872520339866, -41.24372754571331 -11.33874275217554, -41.24371457673247 -11.3387647272673, -41.24370838403841 -11.33878937945742, -41.24370946057127 -11.33881474643201, -41.24371772064087 -11.3388388089798, -41.24373250674719 -11.33885965172145, -41.24375264191681 -11.33887561557384, -41.24377652338983 -11.33888542981344, -41.24380225019969 -11.3388883132261, -41.2438277744905 -11.33888403629199, -41.24385106452693 -11.33887293945535, -41.24387026642093 -11.33885590602511, -41.24388385170155 -11.33883429186323, -41.24389073898129 -11.33880981745781, -41.24389038003429 -11.33878443097201, -41.24388280343462 -11.33876015317007, -41.24386861228116 -11.33873891656449, -41.24384893619049 -11.33872241158825, -41.24382534137911 -11.33871195203655, -41.24379970599279 -11.33870837048901))",Brasil,Shrubland,82.88,Sand,99.0359770214,0.5541,16.1875
12,532,46,5.606,22.18,75.1,6.9829,52.2089,0.5979,3.9474,603.278869628906,1.02136273426694,145.841671379356,6,-9.7317,-38.6831,2,2008,2011,"POLYGON ((-38.68309849863676 -9.731608218917637, -38.68309343864736 -9.731608357218757, -38.68306817722748 -9.731613326247228, -38.68304532938998 -9.731625051827983, -38.68302671382182 -9.731642600605436, -38.68301381232215 -9.731664575697687, -38.68300765185113 -9.731689227888079, -38.6830087227837 -9.731714594862616, -38.68301693987517 -9.731738657410066, -38.68303164904639 -9.731759500151174, -38.68305167944784 -9.731775464003007, -38.68307543665924 -9.731785278242192, -38.68310102960545 -9.731788161654729, -38.68312642108638 -9.731783884720805, -38.68314958993868 -9.731772787884616, -38.68316869192068 -9.731755754454946, -38.68318220651447 -9.731734140293577, -38.6831890579591 -9.731709665888459, -38.68318870088095 -9.731684279402639, -38.68318116370505 -9.731660001600373, -38.68316704639189 -9.731638764994276, -38.68314747268028 -9.73162226001747, -38.68312400063737 -9.731611800465341, -38.68309849863676 -9.731608218917637))",Brasil,Shrubland,75.1,Sand,95.5216685022,0.6533,24.9
13,533,52,6.238,51.264,79.165,10.3505,49.9406,0.7354,3.2195,603.278869628906,1.02136273426694,145.841671379356,6,-9.7314,-38.6836,2,2008,2011,"POLYGON ((-38.68359791795474 -9.731309459147056, -38.68359285796986 -9.731309597448178, -38.68356759657258 -9.73131456647665, -38.68354474875551 -9.731326292057403, -38.68352613320399 -9.731343840834855, -38.68351323171586 -9.731365815927107, -38.68350707125036 -9.7313904681175, -38.68350814218196 -9.731415835092038, -38.68351635926609 -9.731439897639486, -38.68353106842414 -9.731460740380591, -38.68355109880768 -9.731476704232426, -38.68357485599783 -9.731486518471613, -38.68360044892116 -9.731489401884151, -38.6836258403794 -9.731485124950224, -38.68364900921097 -9.731474028114036, -38.68366811117589 -9.731456994684367, -38.6836816257576 -9.731435380522996, -38.68368847719611 -9.731410906117876, -38.68368812011828 -9.73138551963206, -38.68368058294911 -9.731361241829791, -38.68366646564859 -9.731340005223695, -38.68364689195446 -9.731323500246893, -38.68362341993254 -9.731313040694756, -38.68359791795474 -9.731309459147056))",Brasil,Shrubland,79.165,Sand,66.8848980853,0.6561,20.835
14,534,18,5.166,23.272,46.725,4.2533,19.4303,0.9757,7.642,406.966033935547,3.74974849157135,259.331720558594,10,-11.1177,-42.7368,2,2008,2011,"POLYGON ((-42.7368003798086 -11.11760830385495, -42.73679529724848 -11.11760844215607, -42.73676992314672 -11.11761341118435, -42.73674697339318 -11.1176251367647, -42.7367282747872 -11.11764268554166, -42.73671531573773 -11.11766466063348, -42.73670912778601 -11.11768931282364, -42.73671020349464 -11.11771467979822, -42.73671845723904 -11.11773874234597, -42.73673323202262 -11.11775958508754, -42.73675335177325 -11.11777554893986, -42.73677721495839 -11.11778536317939, -42.73680292206721 -11.11778824659204, -42.73682842681206 -11.11778396965795, -42.73685169901352 -11.11777287282138, -42.73687088620322 -11.11775583939122, -42.73688446108068 -11.1177342252294, -42.73689134308647 -11.11770975082403, -42.7368909844145 -11.11768436433823, -42.73688341361692 -11.11766008653624, -42.73686923333072 -11.11763884993059, -42.73684957230743 -11.11762234495428, -42.73682599556421 -11.11761188540252, -42.7368003798086 -11.11760830385495))",Brasil,Shrubland,46.725,Sand,97.5777875004,0.6689,45.9
15,535,23,5.062,33.58,43.5925,1.4556,29.8357,0.8128,9.0192,408.402465820313,2.21771397576709,285.721086431783,1.8,-11.1253,-42.7371,2,2008,2011,"POLYGON ((-42.73709913957918 -11.12521107115108, -42.73709405688648 -11.12521120945219, -42.73706868212283 -11.12521617848047, -42.73704573177065 -11.12522790406082, -42.73702703267691 -11.12524545283778, -42.73701407328938 -11.1252674279296, -42.73700788517625 -11.12529208011976, -42.73700896091294 -11.12531744709434, -42.73701721487263 -11.12534150964209, -42.73703199004161 -11.12536235238366, -42.73705211031707 -11.12537831623598, -42.73707597412469 -11.12538813047552, -42.7371016819041 -11.12539101388817, -42.73712718731426 -11.12538673695408, -42.7371504601228 -11.1253756401175, -42.737169647813 -11.12535860668734, -42.73718322304456 -11.12533699252552, -42.73719010522986 -11.12531251812015, -42.73718974654854 -11.12528713163435, -42.73718217555346 -11.12526285383236, -42.73716799489737 -11.12524161722671, -42.73714833336121 -11.1252251122504, -42.73712475600298 -11.12521465269864, -42.73709913957918 -11.12521107115108))",Brasil,Shrubland,43.5925,Sand,100.038931024,0.6679,51.175
16,536,5,5.806,478.8,20.1029,36.11,942.4788,1.5385,19.3299,184.062484741211,13.7900829547932,37.8019740986162,0.01,-32.4631,-71.2336,2,2009,2019,"POLYGON ((-71.23359977757043 -32.46300845052558, -71.23359386675801 -32.46300858882659, -71.23356435769978 -32.46301355785155, -71.23353766805549 -32.46302528342478, -71.23351592231687 -32.46304283219308, -71.23350085144438 -32.46306480727738, -71.23349365508295 -32.4630894594635, -71.23349490606905 -32.46311482643881, -71.23350450483112 -32.4631388889918, -71.23352168731317 -32.46315973174151, -71.23354508579206 -32.46317569560231, -71.23357283774742 -32.46318550984804, -71.23360273411873 -32.46318839326264, -71.23363239514811 -32.46318411632568, -71.23365945981109 -32.46317301948228, -71.23368177375625 -32.46315598604347, -71.23369756079283 -32.46313437187391, -71.23370556427584 -32.46310989746409, -71.23370514713395 -32.46308451097853, -71.23369634257861 -32.46306023318139, -71.23367985145813 -32.4630389965837, -71.2336569864685 -32.46302249161597, -71.23362956766178 -32.46301203207071, -71.23359977757043 -32.46300845052558))",Chile,Shrubland,20.1029411765,Sandy Loam,51.058020198,0.7762,33.6323529412
17,537,6,6.554,105.64,32.1667,44.3233,433.652,1.9165,19.1096,724.196472167969,28.3365399675905,112.215738459957,2,-33.27,-70.9031,1,2009,2019,"POLYGON ((-70.90310012569114 -33.26990954075293, -70.90309416084916 -33.26990967905393, -70.90306438205444 -33.26991464807874, -70.90303744844512 -33.26992637365166, -70.90301550393239 -33.26994392241955, -70.90300029529912 -33.26996589750351, -70.90299303315612 -33.26999054968945, -70.90299429557635 -33.2700159166648, -70.90300398207833 -33.27003997921803, -70.90302132162225 -33.27006082196811, -70.9030449339829 -33.27007678582929, -70.90307293961489 -33.2700866000753, -70.90310310926483 -33.27008948349, -70.90313304142161 -33.27008520655289, -70.90316035347874 -33.27007410970918, -70.90318287139202 -33.27005707626999, -70.90319880273482 -33.27003546210008, -70.9032068793755 -33.27001098769006, -70.90320645841966 -33.2699856012045, -70.90319757338258 -33.26996132340758, -70.90318093151917 -33.26994008681026, -70.90315785752462 -33.2699235818429, -70.90313018808781 -33.26991312229796, -70.90310012569114 -33.26990954075293))",Chile,Shrubland,32.1666666667,Sandy Loam,86.0469125846,0.7089,34.4166666667
18,538,4,5.812,129.12,59.6167,30.9972,273.1888,3.6035,36.1046,192.6162109375,15.405542020368,249.950851845594,11,-33.1192,-71.3639,2,2009,2019,"POLYGON ((-71.36389916945318 -33.11911166132749, -71.36389321487336 -33.11911179962851, -71.36386348731126 -33.11911676865334, -71.36383660003965 -33.11912849422632, -71.36381469328123 -33.11914604299427, -71.36379951081368 -33.11916801807831, -71.36379226116496 -33.11919267026429, -71.36379352141344 -33.11921803723962, -71.36380319125045 -33.11924209979281, -71.3638205009627 -33.11926294254281, -71.36384407269954 -33.11927890640393, -71.36387203014924 -33.11928872064988, -71.36390214789378 -33.11929160406456, -71.36393202855375 -33.11928732712749, -71.36395929362186 -33.11927623028382, -71.36398177279428 -33.11925919684472, -71.36399767672816 -33.11923758267487, -71.36400573947358 -33.11921310826489, -71.36400531924214 -33.11918772177933, -71.36399644949144 -33.11916344398237, -71.3639798362595 -33.11914220738498, -71.3639568019625 -33.11912570241755, -71.36392918012932 -33.11911524287254, -71.36389916945318 -33.11911166132749))",Chile,Shrubland,59.6166666667,Sandy Loam,100,0.6017,39.4
19,539,11,6.334,95.86,43.9583,41.9825,878.115,2.4155,30.0995,118.880073547363,9.8876624563444,358.252041388507,0.01,-32.4856,-71.3703,2,2009,2019,"POLYGON ((-71.37029797946488 -32.48550907444126, -71.37029206717496 -32.48550921274228, -71.37026255074042 -32.48551418176723, -71.37023585442459 -32.48552590734046, -71.37021410325022 -32.48554345610874, -71.3701990286105 -32.48556543119302, -71.37019183045018 -32.48559008337916, -71.37019308174897 -32.48561545035445, -71.37020268291039 -32.48563951290745, -71.3702198696875 -32.48566035565717, -71.37024327401528 -32.48567631951799, -71.37027103290774 -32.48568613376372, -71.37030093675222 -32.48568901717833, -71.37033060519595 -32.48568474024135, -71.37035767662424 -32.48567364339794, -71.37037999614716 -32.48565660995914, -71.37039578712998 -32.48563499578957, -71.37040379261357 -32.48561052137974, -71.3704033753674 -32.48558513489417, -71.37039456861119 -32.48556085709705, -71.37037807336846 -32.48553962049937, -71.37035520266329 -32.48552311553163, -71.37032777700277 -32.4855126559864, -71.37029797946488 -32.48550907444126))",Chile,Shrubland,43.9583333333,Sandy Loam,96.3442069741,0.7364,47.25
20,540,7,7.226,393,33.1667,37.3431,261.3262,0.9587,7.6667,167.990768432617,17.4649921445408,13.9825456530087,1,-34.1072,-71.3458,1,2009,2019,"POLYGON ((-71.34579967827725 -34.10711022263844, -71.34579365504813 -34.10711036093945, -71.34576358476224 -34.1071153299641, -71.34573638751171 -34.10712705553667, -71.34571422819342 -34.10714460430415, -71.34569887068872 -34.10716657938774, -71.34569153745875 -34.1071912315735, -71.34569281223528 -34.10721659854887, -71.34570259355357 -34.10724066110235, -71.34572010282663 -34.10726150385283, -71.34574394631898 -34.10727746771442, -71.34577222608704 -34.10728728196072, -71.34580269105599 -34.10729016537551, -71.34583291620702 -34.10728588843826, -71.34586049561101 -34.10727479159424, -71.34588323394277 -34.10725775815463, -71.34589932123036 -34.10723614398435, -71.34590747692903 -34.10721166957411, -71.34590705185161 -34.10718628308857, -71.3458980798418 -34.10716200529188, -71.34588127507777 -34.10714076869494, -71.34585797522176 -34.107124263728, -71.34583003494112 -34.10711380418336, -71.34579967827725 -34.10711022263844))",Chile,Shrubland,33.1666666667,Sandy Loam,56.1503503017,0.6714,39.75
21,541,4,7.14,455.8,25.7491,35.4055,557.7094,0.8007,6.2645,159.557708740234,14.0730572582668,37.6227498818013,0.01,-34.1074,-71.3452,1,2009,2019,"POLYGON ((-71.34520215873609 -34.10731088218586, -71.34519613549269 -34.10731102048686, -71.34516606513547 -34.10731598951151, -71.34513886782044 -34.10732771508408, -71.34511670844958 -34.10734526385156, -71.34510135090846 -34.10736723893515, -71.34509401766111 -34.10739189112091, -71.34509529244066 -34.10741725809628, -71.34510507378214 -34.10744132064977, -71.34512258309674 -34.10746216340023, -71.34514642664563 -34.10747812726183, -71.34517470648076 -34.10748794150813, -71.34520517152198 -34.10749082492292, -71.3452353967447 -34.10748654798568, -71.34526297621409 -34.10747545114165, -71.3452857145998 -34.10745841770204, -71.34530180192553 -34.10743680353175, -71.34530995764354 -34.10741232912152, -71.34530953256512 -34.10738694263597, -71.34530056053403 -34.10736266483929, -71.34528375573015 -34.10734142824235, -71.34526045581886 -34.10732492327541, -71.34523251547195 -34.10731446373077, -71.34520215873609 -34.10731088218586))",Chile,Shrubland,25.7491289199,Sandy Loam,92.6854754441,0.6714,61.4523809524
22,499,20,6.8319,136.485,32.275,26.3608,882.8649,0.7792,9.1398,1073.4909362793,1.4989137176454,244.494462082889,1.125,-41.0335,-70.5245,1,2010,2011,"POLYGON ((-70.52450015074831 -41.03340959345066, -70.52449353932026 -41.03340973175163, -70.52446053251744 -41.0334147007748, -70.52443067931391 -41.03342642634426, -70.52440635601862 -41.03344397510794, -70.52438949876539 -41.03346595018823, -70.52438144939686 -41.0334906023722, -70.52438284865215 -41.0335159693479, -70.52439358516108 -41.03354003190368, -70.52441280430598 -41.03356087465772, -70.52443897624659 -41.03357683852304, -70.52447001769423 -41.03358665277206, -70.52450345774223 -41.03358953618771, -70.52453663455248 -41.03358525924921, -70.52456690724087 -41.03357416240217, -70.52459186609488 -41.03355712895878, -70.52460952438865 -41.03353551478509, -70.52461847652678 -41.03351104037289, -70.52461800992818 -41.03348565388746, -70.52460816174464 -41.03346137609291, -70.52458971590036 -41.03344013949946, -70.5245641406888 -41.03342363453628, -70.52453347189511 -41.03341317499451, -70.52450015074831 -41.03340959345066))",Argentina,Grassland,32.275,Sandy Loam,51.0644762784,0.5835,57.5
23,691,11,8.686,88.3,23.7333,18.8674,230.1381,0.8983,9.2914,1540.43969726563,2.75372056105375,249.429597863368,0.01,38.1735,-109.7103,3,2016,2017,"POLYGON ((-109.7102998657463 38.17358904160532, -109.7102935218812 38.17358890330399, -109.7102618508613 38.17358393426826, -109.7102332058365 38.17357220867202, -109.7102098669561 38.17355465987568, -109.7101936919954 38.17353268476705, -109.7101859684766 38.17350803256787, -109.7101873111837 38.1734826655949, -109.7101976132282 38.17345860305888, -109.7102160545599 38.1734377603355, -109.7102411672457 38.17342179650215, -109.7102709523177 38.17341198227644, -109.7103030388905 38.17340909886817, -109.710334872882 38.17341337579582, -109.710363920315 38.17342447261715, -109.7103878690197 38.17344150602801, -109.7104048126799 38.17346312017249, -109.7104134025762 38.17348759456792, -109.7104129549451 38.17351298105425, -109.7104035054086 38.1735372588671, -109.7103858061425 38.17355849549052, -109.7103612660045 38.17357500048601, -109.7103318383911 38.17358546005233, -109.7102998657463 38.17358904160532))",USA,Shrubland,23.7333333333,Loamy Sand,97.8114773587,0.814,76.2666666667
24,743,27,6.8,238,77.55555556,26.88888889,400.9547,0.9047,9.5663,107.904873774602,0.683553465729367,275.478010056298,0.01,-39.11783,-64.05047,2,2016,2019,"POLYGON ((-64.0504695633829 -39.11773964898084, -64.05046313537372 -39.11773978728181, -64.05043104426889 -39.11774475630542, -64.05040201927474 -39.1177564818758, -64.05037837077532 -39.1177740306406, -64.05036198119072 -39.11779600572186, -64.05035415513667 -39.11782065790638, -64.05035551557563 -39.11784602488196, -64.05036595422619 -39.11787008743708, -64.05038464017946 -39.11789093019006, -64.0504100860369 -39.11790689405428, -64.05044026630624 -39.1179167083025, -64.05047277863129 -39.11791959171789, -64.05050503502163 -39.11791531477976, -64.05053446785949 -39.11790421793361, -64.05055873428505 -39.11788718449134, -64.05057590268987 -39.11786557031866, -64.05058460647324 -39.11784109590704, -64.05058415282227 -39.11781570942157, -64.05057457785719 -39.11779143162639, -64.05055664375323 -39.1177701950319, -64.05053177806882 -39.11775369006762, -64.05050196011102 -39.117743230525, -64.0504695633829 -39.11773964898084))",Argentina,Shrubland,117.23,Sandy Loam,58.03975,0.8193,22.444444444
25,744,30,6.94,251,76.55555556,32.33333333,482.4885,1.5309,16.9201,103.451858520508,0.265688968605976,355.240428858309,1,-39.12131,-64.0575,2,2016,2019,"POLYGON ((-64.05750156574419 -39.12122220690357, -64.05749513741725 -39.12122234520456, -64.05746304472611 -39.12122731422816, -64.0574340182972 -39.12123903979855, -64.05741036862878 -39.12125658856334, -64.05739397823402 -39.12127856364461, -64.05738615179311 -39.12130321582912, -64.05738751229929 -39.12132858280471, -64.05739795146586 -39.12135264535981, -64.05741663834281 -39.12137348811279, -64.05744208545809 -39.12138945197702, -64.0574722672193 -39.12139926622523, -64.05750478115152 -39.12140214964063, -64.05753703913636 -39.12139787270251, -64.05756647342915 -39.12138677585635, -64.05759074105424 -39.12136974241407, -64.05760791030772 -39.12134812824139, -64.05761661452134 -39.12132365382978, -64.05761616084796 -39.12129826734432, -64.05760658540956 -39.12127398954913, -64.05758865041905 -39.12125275295465, -64.05756378350549 -39.12123624799036, -64.05753396407374 -39.12122578844775, -64.05750156574419 -39.12122220690357))",Argentina,Shrubland,99.26,Sandy Loam,77.24159,0.8193,23.444444444
26,770,9,5.97,800,12.83185841,74.88888889,214.75,1.8544,17.7947,87.3650360107422,0.164002866169545,57.9178044229037,3,-34.78926,144.75515,3,2016,2017,"POLYGON ((144.7551509283608 -34.78916986067247, 144.7551570009758 -34.78916999897348, 144.7551873178152 -34.78917496799799, 144.7552147380628 -34.78918669357028, 144.7552370790712 -34.78920424233742, 144.7552525624966 -34.78922621742071, 144.7552599558544 -34.78925086960631, 144.7552586706265 -34.78927623658171, 144.7552488091092 -34.78930029913541, 144.7552311562733 -34.78932114188618, 144.7552071172816 -34.78933710574812, 144.7551786056396 -34.78934691999467, 144.7551478908794 -34.78934980340954, 144.7551174179035 -34.78934552647218, 144.7550896123681 -34.78933442962788, 144.7550666875986 -34.78931739618793, 144.7550504684074 -34.78929578201733, 144.7550422458387 -34.78927130760692, 144.7550426744023 -34.78924592112138, 144.7550517199767 -34.7892216433249, 144.7550686625278 -34.78920040672828, 144.7550921534254 -34.78918390176167, 144.7551203227954 -34.7891734422173, 144.7551509283608 -34.78916986067247))",Australia,Shrubland,15.83,Clay Loam,97.63108,0.8057,87.168141593
27,771,19,5.66,238,14.38053097,49.44444444,223.3,1.7656,18.0851,90.5070190429688,0.13225513420856,266.210255367102,3,-34.71686,144.77065,3,2016,2017,"POLYGON ((144.7706507636226 -34.71677189596873, 144.7706568309162 -34.71677203426974, 144.7706871211892 -34.71677700329426, 144.7707145174086 -34.71678872886658, 144.7707368388398 -34.71680627763376, 144.770752308697 -34.71682825271709, 144.770759695576 -34.71685290490269, 144.7707584114742 -34.71687827187809, 144.7707485585985 -34.71690233443176, 144.7707309212316 -34.71692317718252, 144.7707069033052 -34.71693914104441, 144.7706784166479 -34.71694895529094, 144.7706477288029 -34.71695183870579, 144.7706172825304 -34.71694756176845, 144.7705895013609 -34.71693646492417, 144.7705665966803 -34.71691943148426, 144.7705503917018 -34.71689781731371, 144.7705421763385 -34.71687334290331, 144.7705426045264 -34.71684795641777, 144.7705516421742 -34.71682367862126, 144.7705685698786 -34.7168024420246, 144.7705920401912 -34.71678593705796, 144.7706201848765 -34.71677547751356, 144.7706507636226 -34.71677189596873))",Australia,Shrubland,17.718,Clay,48.01896,0.8074,85.619469027
28,772,13,5.95,337,22.67699115,58.77777778,194.3779,1.7638,18.688,91.1777496337891,0.037307026068771,229.414375292201,4,-34.69379,144.79988,3,2016,2017,"POLYGON ((144.7998801710279 -34.6937005071182, 144.7998862366298 -34.69370064541921, 144.7999165184567 -34.69370561444373, 144.7999439070369 -34.69371734001606, 144.7999662222439 -34.69373488878325, 144.7999816877876 -34.69375686386659, 144.7999890726068 -34.6937815160522, 144.7999877888631 -34.69380688302761, 144.7999779387347 -34.69383094558127, 144.7999603062858 -34.693851788332, 144.7999362950565 -34.6938677521939, 144.7999078163424 -34.69387756644041, 144.7998771370545 -34.69388044985526, 144.7998466992716 -34.69387617291793, 144.7998189258486 -34.69386507607366, 144.7997960275547 -34.69384804263376, 144.7997798270949 -34.6938264284632, 144.7997716140223 -34.69380195405282, 144.7997720420908 -34.69377656756728, 144.7997810772185 -34.69375228977077, 144.7997980002027 -34.69373105317409, 144.7998214639709 -34.69371454820745, 144.7998496008084 -34.69370408866303, 144.7998801710279 -34.6937005071182))",Australia,Shrubland,25.835,Loam,85.31063,0.8069,77.32300885
29,773,5,6.58,176.8,18.69469027,31.88888889,152.517,1.0082,11.0433,88.6036224365234,0.08445989889163,311.695399174328,4,-34.78923,144.78058,3,2016,2017,"POLYGON ((144.7805811816686 -34.78913864696511, 144.7805872542813 -34.78913878526611, 144.7806175711092 -34.78914375429061, 144.7806449913464 -34.78915547986291, 144.7806673323464 -34.78917302863005, 144.7806828157659 -34.78919500371335, 144.7806902091209 -34.78921965589893, 144.7806889238935 -34.78924502287433, 144.78067906238 -34.78926908542803, 144.7806614095507 -34.78928992817882, 144.7806373705681 -34.78930589204075, 144.7806088589369 -34.7893157062873, 144.7805781441883 -34.78931858970216, 144.780547671224 -34.78931431276482, 144.7805198656991 -34.7893032159205, 144.7804969409383 -34.78928618248056, 144.7804807217532 -34.78926456830996, 144.7804724991877 -34.78924009389955, 144.7804729277511 -34.78921470741401, 144.7804819733221 -34.78919042961753, 144.7804989158668 -34.7891691930209, 144.7805224067555 -34.7891526880543, 144.7805505761147 -34.78914222850992, 144.7805811816686 -34.78913864696511))",Australia,Shrubland,32.4,Sandy Clay Loam,99.92284,0.8058,81.305309735
30,774,13,5.95,247,6.747787611,65.77777778,398.2018,1.5356,16.2828,170.075637817383,0.163380028284437,218.870986740795,5,-31.48905,147.22937,2,2016,2017,"POLYGON ((147.2293678707853 -31.4889579573098, 147.2293737191952 -31.48895809561083, 147.229402916716 -31.48896306463595, 147.2294293245881 -31.48897479020957, 147.2294508407487 -31.48899233897834, 147.2294657525117 -31.48901431406304, 147.2294728728974 -31.48903896624939, 147.2294716351173 -31.48906433322465, 147.2294621376922 -31.48908839577736, 147.2294451366118 -31.48910923852663, 147.2294219851599 -31.48912520238698, 147.2293945261933 -31.48913501663237, 147.2293649454505 -31.48913790004688, 147.229335597565 -31.48913362311006, 147.2293088186347 -31.48912252626703, 147.2292867402666 -31.4891054928287, 147.2292711198993 -31.48908387865955, 147.2292632009112 -31.48905940424996, 147.229263613648 -31.48903401776439, 147.2292723252494 -31.48900973996699, 147.2292886422664 -31.48898850336888, 147.2293112658617 -31.48897199840068, 147.2293383951983 -31.48896153885507, 147.2293678707853 -31.4889579573098))",Australia,Grassland,9.983,Silt Loam,43.273565,0.7601,93.252212389
31,775,13,6.04,309,26.99115044,54.55555556,221.4114,1.083,12.4011,170.805938720703,0.111422075623935,3.94970224829773,4,-31.51075,147.21559,2,2016,2017,"POLYGON ((147.2155892485301 -31.51066040213693, 147.2155950982977 -31.51066054043794, 147.2156243025964 -31.51066550946308, 147.2156507165989 -31.51067723503668, 147.2156722377543 -31.51069478380543, 147.2156871529789 -31.51071675889013, 147.2156942750176 -31.51074141107647, 147.2156930369502 -31.51076677805174, 147.2156835373204 -31.51079084060446, 147.2156665322933 -31.51081168335374, 147.215643375467 -31.51082764721409, 147.215615910126 -31.51083746145949, 147.2155863225162 -31.510840344874, 147.2155569678178 -31.51083606793717, 147.215530182671 -31.51082497109414, 147.2155080991775 -31.51080793765579, 147.2154924751841 -31.51078632348664, 147.2154845543577 -31.51076184907705, 147.2154849671904 -31.51073646259147, 147.2154936808141 -31.51071218479408, 147.215510001619 -31.51069094819598, 147.2155326304662 -31.51067444322778, 147.2155597661006 -31.51066398368219, 147.2155892485301 -31.51066040213693))",Australia,Shrubland,17.525,Loam,85.62054,0.761,73.008849558
32,776,9,6.02,272,49.55752212,62,261.5454,1.3027,14.263,170.487795316256,0.312022009339649,296.690080123692,5.38461538461538,-31.49073,147.23123,2,2016,2017,"POLYGON ((147.2312317750256 -31.49063903840695, 147.2312376235407 -31.49063917670797, 147.2312668215862 -31.49064414573311, 147.231293229933 -31.49065587130672, 147.2313147464802 -31.49067342007548, 147.2313296585112 -31.49069539516018, 147.2313367790249 -31.49072004734654, 147.2313355412226 -31.49074541432179, 147.2313260436268 -31.49076947687451, 147.2313090422408 -31.49079031962377, 147.2312858903728 -31.49080628348412, 147.2312584309127 -31.49081609772952, 147.2312288496383 -31.49081898114402, 147.2311995012253 -31.4908147042072, 147.2311727218137 -31.49080360736417, 147.2311506430487 -31.49078657392583, 147.2311350224007 -31.49076495975669, 147.2311271032703 -31.4907404853471, 147.2311275160146 -31.49071509886153, 147.2311362277725 -31.49069082106413, 147.2311525450827 -31.49066958446602, 147.2311751690847 -31.49065307949782, 147.2312022989089 -31.49064261995222, 147.2312317750256 -31.49063903840695))",Australia,Shrubland,30.235,Loam,96.19646,0.7601,50.442477876
33,889,31,6.88,181.2,74.44444444,31.33333333,4.654,1.4159,15.8167,338.817810058594,1.00208242426265,276.315706695726,0.01,50.57947,70.04409,1,2016,2017,"POLYGON ((70.04408998055321 50.57956176036977, 70.04409783430116 50.57956162206836, 70.04413704323628 50.57955665302937, 70.04417250596212 50.57954492742617, 70.04420139963561 50.57952737862134, 70.04422142431957 50.57950540350534, 70.04423098605791 50.57948075130222, 70.04422932375181 50.57945538432996, 70.04421656973838 50.57943132179908, 70.04419373925109 50.57941047908366, 70.04416264960282 50.57939451525861, 70.04412577552593 50.57938470103897, 70.04408605218458 50.57938181763262, 70.04404664153965 50.57938609455744, 70.04401068066186 50.57939719137208, 70.04398103202622 50.57941422477449, 70.0439600556624 50.57943583891139, 70.04394942129683 50.57946031330246, 70.04394997544013 50.57948569978904, 70.04396167400006 50.57950997760663, 70.0439835857858 50.57953121423785, 70.04401396662625 50.57954771924172, 70.04405039820378 50.57955817881442, 70.04408998055321 50.57956176036977))",Kazajistan,Grassland,40.444,Sandy Loam,0.03956087,0.7762,25.555555556
34,979,44,5.92,100.5,97.77777778,21.55555556,122.3277,0.6821,8.6006,1244.97827148438,1.493140112435,354.092888515359,0.01,-23.84714,29.69779,2,2016,2016,"POLYGON ((29.69779137999169 -23.84704867213743, 29.69779683267637 -23.84704881043849, 29.69782405458349 -23.84705377946492, 29.69784867559807 -23.8470655050413, 29.6978687358899 -23.84708305381342, 29.69788263865994 -23.84710502890104, 29.69788927724551 -23.84712968108895, 29.69788812321124 -23.84715504806393, 29.69787926841385 -23.8471791106146, 29.69786341769167 -23.84719995336073, 29.69784183276067 -23.84721591721778, 29.69781623178227 -23.84722573146077, 29.69778865259745 -23.84722861487452, 29.69776129051365 -23.84722433793881, 29.69773632355693 -23.84721324109843, 29.69771573909978 -23.84719620766344, 29.69770117566543 -23.84717459349731, 29.69769379250126 -23.84715011908945, 29.69769417730334 -23.84712473260378, 29.69770229943699 -23.8471004548045, 29.69771751237668 -23.8470792182033, 29.69773860517065 -23.84706271323177, 29.69776389883319 -23.84705225368365, 29.69779137999169 -23.84704867213743))",South Africa,Grassland,57.2,Loamy Sand,17.65734,0.597,2.222222222
35,980,49,6.29,101.6,98.66666667,21.66666667,131.95,0.7234,8.7995,1249.47644042969,0.885335349289752,349.327137225226,0.01,-23.84849,29.69502,2,2016,2016,"POLYGON ((29.69501781913644 -23.84839977975663, 29.69502327187797 -23.84839991805769, 29.69505049406884 -23.84840488708411, 29.69507511534007 -23.8484166126605, 29.69509517584101 -23.84843416143261, 29.69510907875599 -23.84845613652023, 29.69511571741075 -23.84848078870814, 29.69511456336446 -23.84850615568312, 29.69510570847476 -23.8485302182338, 29.69508985758736 -23.84855106097992, 29.69506827243135 -23.84856702483697, 29.69504267118608 -23.84857683907996, 29.69501509171376 -23.84857972249371, 29.69498772934474 -23.84857544555801, 29.69496276212776 -23.84856434871762, 29.69494217745604 -23.84854731528264, 29.69492761386988 -23.8485257011165, 29.69492023062875 -23.84850122670864, 29.69492061543484 -23.84847584022297, 29.69492873765315 -23.84845156242369, 29.69494395075143 -23.84843032582249, 29.69496504376527 -23.84841382085096, 29.69499033769148 -23.84840336130284, 29.69501781913644 -23.84839977975663))",South Africa,Grassland,57.9,Sandy Loam,16.14853,0.597,1.333333333
36,981,54,6.27,102.4,96.11111111,17.88888889,98.6408,0.7297,9.1866,1249.60139160156,1.12359061959409,331.218513106422,0.01,-23.84961,29.6927,2,2016,2016,"POLYGON ((29.69269908658865 -23.84951901412104, 29.69270453937726 -23.84951915242211, 29.69273176180322 -23.84952412144853, 29.69275638328708 -23.84953584702491, 29.69277644396126 -23.84955339579702, 29.69279034699629 -23.84957537088464, 29.69279698570838 -23.84960002307255, 29.69279583165212 -23.84962539004754, 29.69278697668596 -23.84964945259822, 29.69277112566168 -23.84967029534433, 29.69274954031927 -23.84968625920138, 29.6927239388529 -23.84969607344438, 29.69269635914242 -23.84969895685812, 29.6926689965371 -23.84969467992243, 29.69264402910451 -23.84968358308204, 29.69262344425503 -23.84966654964705, 29.6926088805431 -23.84964493548091, 29.69260149723821 -23.84962046107306, 29.69260188204764 -23.84959507458738, 29.69261000433608 -23.8495707967881, 29.69262521756573 -23.8495495601869, 29.69264631076173 -23.84953305521538, 29.69267160490637 -23.84952259566726, 29.69269908658865 -23.84951901412104))",South Africa,Grassland,53.05,Loamy Sand,1.602262,0.597,3.888888889
37,982,41,6.07,130.9,94.11111111,26,149.3714,0.9563,11.349,1225.37873979048,1.2671872665518,68.9156527222636,0.01,-23.82898,29.68705,2,2016,2016,"POLYGON ((29.68704940555394 -23.8288912126478, 29.68705485747516 -23.82889135094887, 29.68708207557084 -23.82889631997529, 29.68710669313812 -23.82890804555168, 29.68712675062122 -23.8289255943238, 29.68714065144467 -23.82894756941143, 29.68714728910072 -23.82897222159934, 29.68714613522801 -23.82899758857432, 29.68713728167041 -23.829021651125, 29.68712143316757 -23.8290424938711, 29.68709985125876 -23.82905845772815, 29.68707425386488 -23.82906827197114, 29.68704667854157 -23.82907115538488, 29.68701932028887 -23.82906687844918, 29.6869943568279 -23.8290557816088, 29.68697377525288 -23.82903874817383, 29.68695921385761 -23.82901713400769, 29.68695183172719 -23.82899265959984, 29.68695221647537 -23.82896727311417, 29.68696033747178 -23.82894299531488, 29.68697554828143 -23.82892175871368, 29.68699663812211 -23.82890525374215, 29.68702192824318 -23.82889479419401, 29.68704940555394 -23.8288912126478))",South Africa,Grassland,35.1,Sandy Loam,7.264957,0.6033,5.888888889
38,987,48,6,327,67,20,199.7209,0.9968,12.0056,361.986206054687,1.7072549381713,291.987254122947,0.01,-23.85603,31.24022,2,2016,2016,"POLYGON ((31.24022118898494 -23.85594011963801, 31.24022664204376 -23.85594025793906, 31.24025386581867 -23.85594522696549, 31.2402784885226 -23.85595695254187, 31.24029855019085 -23.85597450131398, 31.24031245391483 -23.8559964764016, 31.24031909295588 -23.85602112858951, 31.24031793884244 -23.85604649556449, 31.24030908343749 -23.85607055811517, 31.24029323162775 -23.85609140086128, 31.24027164521571 -23.85610736471834, 31.24024604248071 -23.85611717896134, 31.24021846140356 -23.85612006237508, 31.24019109744233 -23.85611578543938, 31.24016612877252 -23.85610468859899, 31.24014554290299 -23.85608765516401, 31.24013097846939 -23.85606604099787, 31.24012359479864 -23.85604156659, 31.24012397962713 -23.85601618010434, 31.24013210231807 -23.85599190230506, 31.24014731630158 -23.85597066570386, 31.24016841054283 -23.85595416073234, 31.24019370594086 -23.85594370118422, 31.24022118898494 -23.85594011963801))",South Africa,Forest,27.85,Loamy Sand,39.67684,0.7105,33
39,988,38,5.83,217,48.33333333,19.77777778,101.7279,0.7268,8.5038,396.537017822266,1.45593078766438,134.26147282081,0.01,-23.84789,31.22651,2,2016,2016,"POLYGON ((31.22650945324559 -23.84779780111441, 31.22651490596179 -23.84779793941548, 31.22654212802624 -23.8478029084419, 31.22656674918312 -23.84781463401828, 31.22658680959089 -23.84783218279039, 31.22660071244129 -23.84785415787802, 31.22660735106522 -23.84787881006593, 31.22660619702427 -23.84790417704091, 31.22659734217572 -23.84792823959159, 31.22658149136194 -23.8479490823377, 31.22655990630618 -23.84796504619476, 31.2265343051798 -23.84797486043776, 31.22650672583558 -23.84797774385149, 31.22647936359365 -23.8479734669158, 31.22645439649262 -23.84796237007541, 31.2264338119165 -23.84794533664043, 31.22641924839798 -23.84792372247428, 31.22641186519115 -23.84789924806643, 31.22641224999545 -23.84787386158076, 31.22642037217604 -23.84784958378148, 31.22643558520365 -23.84782834718028, 31.22645667811954 -23.84781184220875, 31.22648197192827 -23.84780138266062, 31.22650945324559 -23.84779780111441))",South Africa,Forest,9.85,Loamy Sand,30.96447,0.7071,51.666666667
40,989,41,5.93,170.6,67.88888889,16.88888889,142.4006,0.8011,9.4516,385.298980712891,1.059371516087,321.22889044588,0.01,-23.83262,31.21243,2,2016,2016,"POLYGON ((31.21243207121986 -23.83252983910741, 31.21243752329402 -23.83252997740848, 31.21246474215318 -23.8325349464349, 31.212489360411 -23.83254667201128, 31.21250941845673 -23.8325642207834, 31.2125233196701 -23.83258619587103, 31.21252995751235 -23.83261084805894, 31.21252880360727 -23.83263621503393, 31.21251994980133 -23.8326602775846, 31.21250410085393 -23.83268112033071, 31.21248251833974 -23.83269708418776, 31.21245692022783 -23.83270689843075, 31.212429344131 -23.83270978184449, 31.21240198511089 -23.83270550490879, 31.21237702094967 -23.83269440806841, 31.21235643879732 -23.83267737463344, 31.21234187699361 -23.8326557604673, 31.21233449465611 -23.83263128605944, 31.21233487941508 -23.83260589957377, 31.2123430006393 -23.83258162177449, 31.21235821187563 -23.83256038517328, 31.21237930230789 -23.83254388020175, 31.21240459313836 -23.83253342065363, 31.21243207121986 -23.83252983910741))",South Africa,Forest,28.15,Loamy Sand,44.76021,0.7129,32.111111111
41,990,40,6.17,377,72.77777778,17.55555556,146.6447,0.9208,11.2335,889.357666015625,1.59357727114905,93.1154967928917,0.01,-23.14474,29.56172,2,2016,2016,"POLYGON ((29.56172191134579 -23.14465107419864, 29.56172733504794 -23.14465121249971, 29.56175441226302 -23.14465618152624, 29.56177890240987 -23.14466790710285, 29.56179885607525 -23.14468545587525, 29.56181268494759 -23.14470743096313, 29.56181928824652 -23.14473208315118, 29.56181814034566 -23.14475745012613, 29.56180933261368 -23.14478151267663, 29.56179356614265 -23.14480235542248, 29.56177209594217 -23.14481831927925, 29.56174663104108 -23.14482813352204, 29.56171919844853 -23.14483101693572, 29.56169198180302 -23.14482674000012, 29.56166714755356 -23.14481564315996, 29.56164667250905 -23.14479860972526, 29.56163218648345 -23.14477699555938, 29.56162484256247 -23.14475252115167, 29.56162522531859 -23.14472713466599, 29.56163330428014 -23.14470285686655, 29.56164843635824 -23.14468162026509, 29.56166941703777 -23.14466511529327, 29.56169457625731 -23.14465465574493, 29.56172191134579 -23.14465107419864))",South Africa,Forest,49.55,Loamy Sand,25.32795,0.727,27.222222222
42,991,38,6.81,246,90.55555556,18.77777778,165.05,1.0283,12.1085,888.433837890625,1.43885289595798,112.876766741962,0.01,-23.14224,29.56416,2,2016,2016,"POLYGON ((29.56416103962202 -23.14214951850766, 29.56416646322296 -23.14214965680872, 29.56419353993273 -23.14215462583526, 29.56421802962255 -23.14216635141187, 29.56423798291557 -23.14218390018428, 29.56425181152983 -23.14220587527215, 29.56425841470552 -23.1422305274602, 29.56425726682609 -23.14225589443515, 29.56424845925848 -23.14227995698566, 29.56423269308167 -23.1423007997315, 29.56421122328186 -23.14231676358827, 29.564185758856 -23.14232657783105, 29.56415832677539 -23.14232946124474, 29.56413111063779 -23.14232518430913, 29.56410627685178 -23.14231408746898, 29.56408580218937 -23.14229705403428, 29.5640713164341 -23.1422754398684, 29.56406397265017 -23.14225096546069, 29.56406435539915 -23.14222557897501, 29.56407243420993 -23.14220130117557, 29.56408756600563 -23.1421800645741, 29.56410854629363 -23.14216355960229, 29.56413370504365 -23.14215310005395, 29.56416103962202 -23.14214951850766))",South Africa,Forest,46.3,Loamy Sand,15.98272,0.727,9.444444444
43,992,39,5.91,167.3,93.88888889,23,123.9513,0.9066,10.8064,890.378051757813,0.689820875349881,30.2424218799705,0.01,-23.13721,29.56275,2,2016,2016,"POLYGON ((29.56275196368913 -23.13711965251937, 29.5627573870866 -23.13711979082044, 29.56278446278056 -23.13712475984697, 29.56280895155165 -23.13713648542359, 29.56282890409609 -23.13715403419599, 29.56284273219155 -23.13717600928387, 29.56284933511952 -23.13720066147192, 29.56284818728315 -23.13722602844687, 29.56283938004596 -23.13725009099738, 29.56282361446063 -23.13727093374322, 29.56280214546628 -23.13728689759999, 29.56277668199575 -23.13729671184277, 29.56274925094428 -23.13729959525645, 29.56272203582772 -23.13729531832085, 29.56269720297336 -23.13728422148069, 29.56267672907908 -23.137267188046, 29.56266224386726 -23.13724557388011, 29.56265490035884 -23.13722109947241, 29.56265528309345 -23.13719571298672, 29.56266336160114 -23.13717143518729, 29.56267849282916 -23.13715019858582, 29.56269947233006 -23.137133693614, 29.56272463013624 -23.13712323406566, 29.56275196368913 -23.13711965251937))",South Africa,Forest,46.95,Sandy Loam,12.67306,0.7281,6.111111111
44,993,27,6.17,69.9,97.88888889,22,92.1026,0.49,6.0459,871.880798339844,0.858325223466057,227.278538341753,0.01,-23.14033,29.61382,2,2016,2016,"POLYGON ((29.61382204805425 -23.14024102325679, 29.61382747157798 -23.14024116155785, 29.61385454790229 -23.14024613058439, 29.61387903724348 -23.140257856161, 29.61389899025243 -23.14027540493341, 29.61391281866983 -23.14029738002128, 29.61391942175153 -23.14032203220933, 29.61391827388843 -23.14034739918428, 29.6139094664462 -23.14037146173479, 29.61389370049384 -23.14039230448063, 29.61387223099968 -23.14040826833741, 29.61384676693633 -23.14041808258019, 29.61381933524623 -23.14042096599387, 29.61379211949609 -23.14041668905826, 29.61376728606361 -23.14040559221811, 29.61374681169268 -23.14038855878341, 29.61373232614363 -23.14036694461753, 29.61372498246426 -23.14034247020982, 29.61372536520778 -23.14031708372414, 29.61373344390353 -23.1402928059247, 29.61374857548383 -23.14027156932323, 29.61376955547315 -23.14025506435142, 29.61379471386502 -23.14024460480308, 29.61382204805425 -23.14024102325679))",South Africa,Forest,59.2,Sandy Loam,14.35811,0.7127,2.111111111
45,1029,30,7.9,232,28.88888889,8.888888889,205.7089,0.2389,3.0243,1451.49304199219,2.6725854871135,300.782782239191,0.01,38.20255,-109.7102,3,2016,2017,"POLYGON ((-109.7102017655232 38.20264008496851, -109.7101954191274 38.20263994666718, -109.7101637354737 38.20263497763145, -109.7101350790222 38.2026232520352, -109.7101117308318 38.20260570323885, -109.7100955494188 38.2025837281302, -109.7100878228191 38.20255907593102, -109.7100891660619 38.20253370895805, -109.7100994722159 38.20250964642204, -109.710117920904 38.20248880369867, -109.7101430436074 38.20247283986534, -109.7101728405608 38.20246302563964, -109.7102049399331 38.20246014223137, -109.7102367866233 38.20246441915901, -109.7102658456436 38.20247551598032, -109.7102898039015 38.20249254939117, -109.7103067543207 38.20251416353565, -109.7103153476436 38.20253863793106, -109.7103148998339 38.20256402441741, -109.7103054465281 38.20258830223026, -109.7102877402016 38.2026095388537, -109.7102631902743 38.20262604384919, -109.7102337509221 38.20263650341553, -109.7102017655232 38.20264008496851))",USA,Grassland,17.385,Sand,34.59879,0.8783,71.111111111
46,1030,22,8.08,173.9,22.11111111,4.444444444,116.7,0.1307,1.6978,1527.54418945313,1.29063496284378,141.506935478699,0.01,38.1843,-109.70668,3,2016,2017,"POLYGON ((-109.7066790756909 38.18438898435677, -109.7066727308855 38.18438884605543, -109.7066410551709 38.18438387701971, -109.7066124059001 38.18437215142345, -109.7065890635602 38.18435460262711, -109.7065728862019 38.18433262751846, -109.7065651615383 38.1843079753193, -109.7065665044445 38.18428260834632, -109.706576808016 38.18425854581031, -109.7065952520813 38.18423770308693, -109.7066203684895 38.18422173925359, -109.7066501579765 38.18421192502789, -109.7066822493055 38.18420904161961, -109.7067140880157 38.18421331854726, -109.7067431397544 38.18422441536858, -109.7067670920089 38.18424144877944, -109.7067840381807 38.18426306292392, -109.7067926293503 38.18428753731934, -109.7067921816528 38.18431292380568, -109.7067827307157 38.18433720161853, -109.706765028826 38.18435843824196, -109.7067404850504 38.18437494323744, -109.706711053075 38.18438540280378, -109.7066790756909 38.18438898435677))",USA,Shrubland,22.14,Sand,62.75971,0.871,77.888888889
47,1031,20,8.38,679,38.44444444,7.777777778,246.8557,0.3235,3.9564,1506.74295043945,1.57629577367638,234.555219451632,0.01,38.16517,-109.73295,3,2016,2017,"POLYGON ((-109.7329520990979 38.16525944083747, -109.7329457559576 38.16525930253614, -109.7329140885567 38.16525433350042, -109.7328854468052 38.16524260790418, -109.7328621105917 38.16522505910785, -109.7328459374793 38.16520308399921, -109.7328382148431 38.16517843180004, -109.7328395573968 38.16515306482707, -109.732849858264 38.16512900229105, -109.7328682974885 38.16510815956767, -109.7328934073046 38.16509219573431, -109.7329231889731 38.1650823815086, -109.7329552718794 38.16507949810033, -109.7329871022332 38.16508377502797, -109.7330161463471 38.16509487184931, -109.7330400923151 38.16511190526017, -109.7330570340392 38.16513351940466, -109.7330656229539 38.16515799380009, -109.7330651753739 38.16518338028644, -109.7330557269173 38.16520765809926, -109.7330380296736 38.16522889472269, -109.7330134923398 38.16524539971817, -109.7329840680891 38.16525585928449, -109.7329520990979 38.16525944083747))",USA,Grassland,19.45,Sand,24.70437,0.8707,61.555555556
49,812,7,5.18,624,35.77777778,26,295,4.0887,47.6593,521.946838378906,11.8356300700892,6.83358020364507,1,-32.94466,-71.08484,2,2017,2019,"POLYGON ((-71.08483970732642 -32.94456906879247, -71.08483376452932 -32.94456920709349, -71.08480409579118 -32.94457417611836, -71.0847772617233 -32.94458590169139, -71.08475539831342 -32.94460345045945, -71.08474024588865 -32.94462542554355, -71.08473301058552 -32.94465007772956, -71.08473426834045 -32.94467544470489, -71.08474391904322 -32.94469950725803, -71.08476119450351 -32.94472035000796, -71.08478471959715 -32.94473631386899, -71.08481262172522 -32.94474612811487, -71.08484267987333 -32.94474901152954, -71.08487250140602 -32.94474473459248, -71.08489971252258 -32.94473363774891, -71.08492214721377 -32.94471660430987, -71.08493801967745 -32.94469499014011, -71.08494606646867 -32.94467051573016, -71.08494564706899 -32.9446451292446, -71.08493679486969 -32.9446208514476, -71.08492021451168 -32.94459961485013, -71.08489722579431 -32.94458310988261, -71.08486965861839 -32.94457265033754, -71.08483970732642 -32.94456906879247))",Chile,Forest,31.205,Sandy Loam,95.54559,0.7777,64.222222222
50,813,14,5.74,404,29,36.77777778,482.1643,3.636,39.6705,568.615478515625,11.7188518862642,77.0276228512048,2,-32.94347,-71.09344,2,2017,2019,"POLYGON ((-71.09344131325852 -32.9433784888112, -71.09343537054146 -32.94337862711222, -71.09340570220282 -32.94338359613708, -71.09337886849627 -32.94339532171012, -71.09335700538078 -32.94341287047818, -71.09334185316006 -32.94343484556227, -71.09333461795435 -32.9434594977483, -71.09333587569235 -32.94348486472362, -71.09334552626517 -32.94350892727675, -71.09336280149283 -32.94352977002667, -71.09338632626971 -32.94354573388771, -71.09341422802206 -32.94355554813361, -71.09344428576541 -32.94355843154827, -71.09347410689654 -32.94355415461121, -71.09350131764668 -32.94354305776763, -71.09352375203578 -32.9435260243286, -71.09353962428571 -32.94350441015884, -71.0935476709686 -32.94347993574888, -71.09354725157458 -32.94345454926334, -71.09353839949446 -32.94343027146632, -71.09352181935972 -32.94340903486885, -71.09349883095192 -32.94339252990134, -71.09347126414718 -32.94338207035627, -71.09344131325852 -32.9433784888112))",Chile,Forest,29.1,Sandy Loam,94.65636,0.7699,71
51,814,18,5.21,108.1,51,14,305.045,1.2318,20.2644,423.084177652995,2.98667376217846,242.514986059598,2.66666666666667,-32.93238,-71.08622,2,2017,2019,"POLYGON ((-71.086222028653 -32.93228870449128, -71.08621608668108 -32.9322888427923, -71.08618642206253 -32.93229381181716, -71.08615959172062 -32.93230553739021, -71.08613773134654 -32.93232308615827, -71.08612258102573 -32.93234506124237, -71.08611534672725 -32.93236971342841, -71.08611660430756 -32.93239508040372, -71.08612625367032 -32.93241914295685, -71.08614352673185 -32.93243998570677, -71.08616704855896 -32.9324559495678, -71.08619494681272 -32.93246576381369, -71.08622500078718 -32.93246864722834, -71.08625481817903 -32.9324643702913, -71.08628202551725 -32.93245327344772, -71.08630445709329 -32.9324362400087, -71.08632032735302 -32.93241462583893, -71.08632837302697 -32.93239015142899, -71.08632795368554 -32.93236476494344, -71.08631910271539 -32.93234048714643, -71.08630252465962 -32.93231925054894, -71.0862795391343 -32.93230274558143, -71.08625197578615 -32.93229228603636, -71.086222028653 -32.93228870449128))",Chile,Forest,48.23,Sand,80.27162,0.7804,49
52,890,37,6.55,260,80.88888889,48.33333333,4.871,1.4413,15.8932,339.475921630859,0.27363286295723,250.833264363604,0.01,50.57119,70.0686,1,2017,2017,"POLYGON ((70.06860165904401 50.57128120971353, 70.06860951141145 50.57128107141212, 70.06864871345459 50.57127610237313, 70.06868416994696 50.57126437676992, 70.06871305854166 50.57124682796511, 70.06873307970578 50.57122485284912, 70.06874263976341 50.571200200646, 70.06874097774954 50.57117483367374, 70.06872822597796 50.57115077114285, 70.06870539950371 50.57112992842742, 70.06867431532024 50.57111396460238, 70.06863744772487 50.57110415038272, 70.0685977313659 50.57110126697637, 70.06855832764835 50.5711055439012, 70.06852237309157 50.57111664071584, 70.06849272966743 50.57113367411826, 70.06847175699075 50.57115528825516, 70.06846112449446 50.57117976264623, 70.06846167854036 50.57120514913282, 70.06847337504399 50.57122942695041, 70.06849528297819 50.57125066358162, 70.06852565847844 50.57126716858549, 70.0685620836522 50.57127762815817, 70.06860165904401 50.57128120971353))",Kazajistan,Grassland,34.86,Loam,1.14171,0.7793,19.111111111
53,891,39,7.9,548,88.88888889,62.33333333,6.674,1.9337,18.4641,340.793426513672,0.290084148754495,151.302522684396,0.01,50.55292,70.08489,1,2017,2017,"POLYGON ((70.08489075519225 50.55300781359651, 70.08489860451553 50.55300767529509, 70.08493779136103 50.5530027062561, 70.08497323410782 50.55299098065293, 70.08500211150316 50.55297343184812, 70.08502212490562 50.55295145673215, 70.08503168125712 50.55292680452903, 70.0850300198876 50.55290143755677, 70.08501727305959 50.55287737502587, 70.08499445543458 50.55285653231042, 70.08496338330161 50.55284056848537, 70.08492652999884 50.5528307542657, 70.08488682903679 50.55282787085935, 70.08484744059498 50.55283214778417, 70.08481149997682 50.55284324459884, 70.08478186804466 50.55286027800128, 70.08476090349855 50.55288189213818, 70.08475027512425 50.55290636652926, 70.08475082895542 50.55293175301584, 70.08476252092466 50.55295603083343, 70.08478442036575 50.55297726746463, 70.08481478409021 50.55299377246847, 70.08485119514285 50.55300423204116, 70.08489075519225 50.55300781359651))",Kazajistan,Grassland,31.4,Loam,1.968153,0.7868,11.111111111
54,892,25,7.59,256,51.55555556,49.66666667,4.988,1.8036,19.8599,382.253875732422,0.252449879801653,178.993571463617,0.01,48.40537,69.56427,2,2017,2017,"POLYGON ((69.56426841169717 48.40546015524644, 69.56427592414855 48.40546001694504, 69.56431342920001 48.40545504790672, 69.56434735084081 48.40544332230498, 69.56437498889936 48.40542577350193, 69.56439414338554 48.40540379838747, 69.56440328961 48.40537914618518, 69.56440169954706 48.40535377921277, 69.56438949978126 48.4053297166808, 69.56436766142633 48.40530887396373, 69.56433792282078 48.40529291013695, 69.56430265115434 48.40528309591603, 69.56426465404073 48.40528021250928, 69.56422695603503 48.4052844894347, 69.5641925578838 48.40529558625074, 69.56416419767027 48.40531261965491, 69.56414413286585 48.40533423379339, 69.564133960636 48.40535870818537, 69.56413449070358 48.4053840946719, 69.56414568089077 48.40540837248852, 69.56416664047158 48.4054296091181, 69.56419570106961 48.40544611412022, 69.56423054945883 48.40545657369159, 69.56426841169717 48.40546015524644))",Kazajistan,Shrubland,20.43,Loam,81.20411,0.861,48.444444444
55,893,31,7.65,289,57.77777778,54.22222222,5.08,1.4183,15.6641,382.419860839844,0.055870332646924,165.230635337799,0.01,48.41341,69.57324,2,2017,2017,"POLYGON ((69.5732401230167 48.41349991444579, 69.57324763665588 48.41349977614439, 69.57328514763734 48.41349480710608, 69.57331907464153 48.41348308150434, 69.57334671706998 48.41346553270128, 69.57336587458468 48.41344355758681, 69.57337502225525 48.41341890538452, 69.57337343194088 48.41339353841211, 69.57336123024614 48.41336947588016, 69.57333938843833 48.41334863316308, 69.57330964513078 48.41333266933631, 69.57327436788751 48.41332285511539, 69.57323636476613 48.41331997170864, 69.57319866079997 48.41332424863405, 69.57316425721004 48.41333534545009, 69.57313589251243 48.41335237885426, 69.57311582453553 48.41337399299273, 69.57310565069733 48.41339846738471, 69.5731061808487 48.41342385387124, 69.57311737280516 48.41344813168784, 69.57313833569991 48.41346936831745, 69.57316740089274 48.41348587331956, 69.57320225479191 48.41349633289094, 69.5732401230167 48.41349991444579))",Kazajistan,Shrubland,23.24,Loam,65.06024,0.8594,42.222222222
56,894,24,6.76,157.8,71.22222222,42.44444444,5.391,1.0159,10.5182,381.714256286621,0.383741899115102,126.462265113403,0.01,48.42521,69.58788,2,2017,2017,"POLYGON ((69.58787935177517 48.42529869583322, 69.58788686715846 48.42529855753181, 69.58792438684723 48.42529358849351, 69.58795832172679 48.42528186289174, 69.58798597057178 48.42526431408869, 69.58800513253343 48.42524233897421, 69.58801428232738 48.42521768677192, 69.58801269164383 48.42519231979949, 69.58800048711673 48.42516825726754, 69.58797864023886 48.42514741455048, 69.58794889002711 48.42513145072371, 69.58791360459507 48.4251216365028, 69.58787559265221 48.42511875309606, 69.58783787993401 48.42512303002147, 69.58780346835809 48.4251341268375, 69.58777509707629 48.42515116024167, 69.58775502444109 48.42517277438014, 69.58774484824124 48.4251972487721, 69.58774537851565 48.42522263525863, 69.58775657307004 48.42524691307524, 69.58777754083081 48.42526814970485, 69.58780661277046 48.42528465470698, 69.58784147476014 48.42529511427836, 69.58787935177517 48.42529869583322))",Kazajistan,Shrubland,24.21,Sandy Loam,41.18133,0.8601,28.777777778
58,896,9,8.51,529,65.33333333,78.11111111,321.4,1.6137,16.2369,344.416107177734,0.640332808039054,151.072406603426,0.01,47.65938,67.82863,3,2017,2017,"POLYGON ((67.82863021315917 47.65947038540916, 67.82863761763554 47.65947024710778, 67.82867458363431 47.65946527806968, 67.82870801772648 47.65945355246841, 67.82873525854977 47.65943600366594, 67.82875413773395 47.65941402855196, 67.82876315250343 47.65938937634994, 67.82876158529577 47.65936400937748, 67.82874956087564 47.65933994684518, 67.82872803639877 47.65931910412755, 67.82869872521873 47.6593031403002, 67.82866396050231 47.65929332607889, 67.82862650951046 47.659290442672, 67.82858935332756 47.6592947195976, 67.82855544957168 47.6593058164141, 67.82852749697254 47.65932284981885, 67.82850772055554 47.65934446395784, 67.82849769453017 47.65936893835012, 67.82849821698092 47.65939432483663, 67.82850924633566 47.65941860265291, 67.82852990467011 47.65943983928197, 67.82855854758684 47.65945634428353, 67.82859289510736 47.65946680385446, 67.82863021315917 47.65947038540916))",Kazajistan,Shrubland,22.4,Silt Loam,99.41964,0.878,34.666666667
59,897,20,8.33,537,77.77777778,75,328.0376,1.3513,13.1152,360.353637695312,0.54438378038921,181.801665194082,0.01,47.6537,67.80013,3,2017,2017,"POLYGON ((67.8001320983266 47.65378949066707, 67.80013950199741 47.65378935236567, 67.80017646397452 47.65378438332758, 67.80020989442932 47.65377265772631, 67.80023713228898 47.65375510892384, 67.80025600941924 47.65373313380987, 67.80026502320798 47.65370848160786, 67.80026345617084 47.6536831146354, 67.80025143305889 47.65365905210309, 67.80022991092375 47.65363820938546, 67.80020060293255 47.65362224555812, 67.80016584199828 47.65361243133678, 67.80012839508082 47.6536095479299, 67.80009124294024 47.6536138248555, 67.80005734287285 47.65362492167201, 67.80002939331474 47.65364195507676, 67.80000961904928 47.65366356921576, 67.79999959411469 47.65368804360804, 67.80000011650861 47.65371343009456, 67.80001114466343 47.65373770791084, 67.80003180075042 47.65375894453988, 67.80006044055099 47.65377544954143, 67.80009478433476 47.65378590911237, 67.8001320983266 47.65378949066707))",Kazajistan,Shrubland,29.48,Silt Loam,96.87924,0.8802,22.222222222
